{
    "name": "TestPipeLine1",
    "properties": {
        "activities": [
            {
                "name": "PO Data Flow",
                "type": "ExecuteDataFlow",
                "dependsOn": [],
                "policy": {
                    "timeout": "1.00:00:00",
                    "retry": 0,
                    "retryIntervalInSeconds": 30,
                    "secureOutput": false,
                    "secureInput": false
                },
                "userProperties": [],
                "typeProperties": {
                    "dataflow": {
                        "referenceName": "PO Data Flow",
                        "type": "DataFlowReference"
                    },
                    "compute": {
                        "coreCount": 8,
                        "computeType": "General"
                    },
                    "traceLevel": "None",
                    "cacheSinks": {
                        "firstRowOnly": true
                    }
                }
            }
        ],
        "annotations": [],
        "lastPublishTime": "2021-09-10T11:57:10Z"
    },
    "type": "Microsoft.DataFactory/factories/pipelines"
}